{"1":{"all":0.1709104938,"0":0.0203761755,"1":0.1487130601,"2":0.1923076923,"3":0.1153846154,"4":0.2,"5":0.3333333333,"6":0.5769230769,"7":0.3846153846,"8":0.3404255319,"9":0.45,"10":0.3421052632,"med":0.3320754717,"high":0.3986013986},"10":{"all":0.4679783951,"0":0.1614420063,"1":0.5014299333,"2":0.5769230769,"3":0.4871794872,"4":0.6,"5":0.6222222222,"6":0.6923076923,"7":0.8461538462,"8":0.6170212766,"9":0.7,"10":0.7894736842,"med":0.6867924528,"high":0.6783216783},"50":{"all":0.6080246914,"0":0.3275862069,"1":0.6692087703,"2":0.7115384615,"3":0.641025641,"4":0.6833333333,"5":0.7111111111,"6":0.7692307692,"7":0.8846153846,"8":0.7446808511,"9":0.85,"10":0.8421052632,"med":0.7622641509,"high":0.7132867133},"100":{"all":0.6520061728,"0":0.4294670846,"1":0.7025738799,"2":0.7307692308,"3":0.7051282051,"4":0.7166666667,"5":0.7111111111,"6":0.7692307692,"7":0.9230769231,"8":0.7659574468,"9":0.85,"10":0.8421052632,"med":0.7698113208,"high":0.7132867133}}