{"1":{"all":0.1280864198,"0":0.0188087774,"1":0.0428979981,"2":0.1666666667,"3":0.2051282051,"4":0.2,"5":0.2222222222,"6":0.5769230769,"7":0.2692307692,"8":0.2765957447,"9":0.35,"10":0.2631578947,"med":0.3509433962,"high":0.4615384615},"10":{"all":0.3360339506,"0":0.0626959248,"1":0.2507149666,"2":0.4615384615,"3":0.4871794872,"4":0.5333333333,"5":0.5555555556,"6":0.6538461538,"7":0.7692307692,"8":0.6595744681,"9":0.65,"10":0.7631578947,"med":0.7169811321,"high":0.7062937063},"50":{"all":0.4803240741,"0":0.1018808777,"1":0.4995233556,"2":0.6858974359,"3":0.6666666667,"4":0.6666666667,"5":0.6444444444,"6":0.7307692308,"7":0.8846153846,"8":0.7659574468,"9":0.75,"10":0.8684210526,"med":0.7547169811,"high":0.7132867133},"100":{"all":0.5324074074,"0":0.1191222571,"1":0.5967588179,"2":0.7307692308,"3":0.7179487179,"4":0.6833333333,"5":0.7111111111,"6":0.7307692308,"7":0.8846153846,"8":0.7872340426,"9":0.8,"10":0.8684210526,"med":0.7698113208,"high":0.7202797203}}