{"loss":{"all":5.6821051468,"0":11.6715262392,"1":4.5965017918,"2":3.9377758503,"3":3.6215660572,"4":2.6433329582,"5":2.207652092,"6":2.3311991692,"7":2.5232102871,"8":2.7758061886,"9":2.1064460278,"10":2.3064386845,"med":2.4017839432,"high":1.8192691803},"top_1":{"all":0.187885806,"0":0.0,"1":0.1572926641,"2":0.1987179518,"3":0.1794871837,"4":0.3000000119,"5":0.3777777851,"6":0.538461566,"7":0.3461538553,"8":0.3404255211,"9":0.5,"10":0.3421052694,"med":0.403773576,"high":0.5104895234},"top_10":{"all":0.5297067761,"0":0.0658307225,"1":0.5738798976,"2":0.6410256624,"3":0.6282051206,"4":0.8333333135,"5":0.8888888955,"6":0.769230783,"7":0.8461538553,"8":0.7659574747,"9":0.8000000119,"10":0.8947368264,"med":0.8603773713,"high":0.9370629191},"top_50":{"all":0.7013888955,"0":0.2366771102,"1":0.781696856,"2":0.8205128312,"3":0.8589743376,"4":0.9333333373,"5":1.0,"6":0.9230769277,"7":0.961538434,"8":0.9574468136,"9":1.0,"10":0.9736841917,"med":0.9735848904,"high":0.9930070043},"top_100":{"all":0.774305582,"0":0.3918495178,"1":0.8379408717,"2":0.8974359035,"3":0.961538434,"4":0.9833333492,"5":1.0,"6":0.9230769277,"7":1.0,"8":0.9787234068,"9":1.0,"10":1.0,"med":0.9924528599,"high":0.9930070043}}