{"loss":{"all":6.93990416,"0":13.1120354883,"1":6.2855897468,"2":4.6990890503,"3":4.3179559708,"4":3.5868096352,"5":3.5312709808,"6":3.3783466816,"7":3.4642016888,"8":3.4182684422,"9":3.1953585148,"10":3.2278318405,"med":2.7849497795,"high":2.1581788063},"top_1":{"all":0.1338734627,"0":0.0,"1":0.0276453774,"2":0.1538461596,"3":0.2179487199,"4":0.3166666627,"5":0.2666666806,"6":0.6153846383,"7":0.269230783,"8":0.3404255211,"9":0.400000006,"10":0.2894736826,"med":0.3962264061,"high":0.5804196},"top_10":{"all":0.3668981493,"0":0.0,"1":0.2230695933,"2":0.5128205419,"3":0.6282051206,"4":0.7666666508,"5":0.8000000119,"6":0.730769217,"7":0.769230783,"8":0.7446808219,"9":0.8000000119,"10":0.8421052694,"med":0.9169811606,"high":0.9860140085},"top_50":{"all":0.5424382687,"0":0.0,"1":0.5481410623,"2":0.7756410241,"3":0.8717948794,"4":0.8999999762,"5":0.9111111164,"6":0.8076922894,"7":0.961538434,"8":0.9574468136,"9":0.8999999762,"10":1.0,"med":0.9735848904,"high":0.9930070043},"top_100":{"all":0.6068673134,"0":0.0,"1":0.6806482077,"2":0.8461538553,"3":0.9230769277,"4":0.9333333373,"5":0.9555555582,"6":0.8461538553,"7":0.961538434,"8":1.0,"9":0.9499999881,"10":1.0,"med":0.9886792302,"high":1.0}}